<?xml version="1.0" encoding="UTF-8"?>
<!-- Product Version: Vivado v2017.3 (64-bit)                     -->
<!--                                                              -->
<!-- Copyright 1986-2017 Xilinx, Inc. All Rights Reserved.        -->

<hwsession version="1" minor="2">
  <device name="xcku040_0" gui_info="dashboard1=hw_ila_1[xcku040_0/hw_ila_1/Capture Setup=ILA_CAPTURE_1;xcku040_0/hw_ila_1/Waveform=ILA_WAVE_1;xcku040_0/hw_ila_1/Status=ILA_STATUS_1;xcku040_0/hw_ila_1/Settings=ILA_SETTINGS_1;xcku040_0/hw_ila_1/Trigger Setup=ILA_TRIGGER_1;],dashboard2=hw_vios[xcku040_0/hw_vio_1=VIO_PROBES_1;xcku040_0/hw_vio_2=VIO_PROBES_2;xcku040_0/hw_vio_3=VIO_PROBES_3;]"/>
  <ObjectList object_type="hw_device" gui_info="">
    <Object name="xcku040_0" gui_info="">
      <Properties Property="FULL_PROBES.FILE" value="debug_nets.ltx"/>
      <Properties Property="PROBES.FILE" value="debug_nets.ltx"/>
      <Properties Property="PROGRAM.HW_BITSTREAM" value="kcu105_uhdsdi_demo.bit"/>
      <Properties Property="SLR.COUNT" value="1"/>
    </Object>
  </ObjectList>
  <ObjectList object_type="hw_ila" gui_info="">
    <Object name="uhdsdi_demo/genblk1[0].rx_ila_i" gui_info="">
      <Properties Property="CONTROL.TRIGGER_CONDITION" value="AND"/>
      <Properties Property="CORE_REFRESH_RATE_MS" value="500"/>
    </Object>
  </ObjectList>
  <ObjectList object_type="hw_probe" gui_info="">
    <Object name="uhdsdi_demo/&lt;const0>" gui_info="hw_vios/hw_vio_3=13"/>
    <Object name="uhdsdi_demo/&lt;const0>_1" gui_info="hw_vios/hw_vio_3=0"/>
    <Object name="uhdsdi_demo/&lt;const0>_2" gui_info="hw_vios/hw_vio_3=1"/>
    <Object name="uhdsdi_demo/&lt;const0>_3" gui_info="hw_vios/hw_vio_3=2"/>
    <Object name="uhdsdi_demo/&lt;const0>_4" gui_info="hw_vios/hw_vio_3=3"/>
    <Object name="uhdsdi_demo/&lt;const0>_5" gui_info="hw_vios/hw_vio_3=8"/>
    <Object name="uhdsdi_demo/cplllock[0:0]" gui_info="hw_vios/hw_vio_3=4"/>
    <Object name="uhdsdi_demo/drp_fail[0:0]" gui_info="hw_vios/hw_vio_3=5"/>
    <Object name="uhdsdi_demo/genblk1[0].uhdsdi_vidgen_i/tx_change_done" gui_info="hw_vios/hw_vio_2=0"/>
    <Object name="uhdsdi_demo/genblk1[0].uhdsdi_vidgen_i/tx_change_fail" gui_info="hw_vios/hw_vio_2=1"/>
    <Object name="uhdsdi_demo/genblk1[0].uhdsdi_vidgen_i/tx_change_fail_code[2:0]" gui_info="hw_vios/hw_vio_2=2"/>
    <Object name="uhdsdi_demo/genblk1[0].uhdsdi_vidgen_i/tx_fmt_sel_async[2:0]" gui_info="hw_vios/hw_vio_2=3"/>
    <Object name="uhdsdi_demo/genblk1[0].uhdsdi_vidgen_i/tx_full_reset" gui_info="hw_vios/hw_vio_2=4"/>
    <Object name="uhdsdi_demo/genblk1[0].uhdsdi_vidgen_i/tx_insert_sync_bit_async" gui_info="hw_vios/hw_vio_2=5"/>
    <Object name="uhdsdi_demo/genblk1[0].uhdsdi_vidgen_i/tx_m" gui_info="hw_vios/hw_vio_2=6"/>
    <Object name="uhdsdi_demo/genblk1[0].uhdsdi_vidgen_i/tx_mode_async[2:0]" gui_info="hw_vios/hw_vio_2=7"/>
    <Object name="uhdsdi_demo/genblk1[0].uhdsdi_vidgen_i/tx_pat_sel_async[1:0]" gui_info="hw_vios/hw_vio_2=8"/>
    <Object name="uhdsdi_demo/genblk1[0].uhdsdi_vidgen_i/tx_reset" gui_info="hw_vios/hw_vio_2=9"/>
    <Object name="uhdsdi_demo/genblk1[0].uhdsdi_vidgen_i/tx_txen" gui_info="hw_vios/hw_vio_2=10"/>
    <Object name="uhdsdi_demo/gth_wiz_reset_all_in_int[3:3]" gui_info="hw_vios/hw_vio_3=9"/>
    <Object name="uhdsdi_demo/gth_wiz_reset_all_in_int_1[0:0]" gui_info="hw_vios/hw_vio_3=10"/>
    <Object name="uhdsdi_demo/gth_wiz_reset_all_in_int_2[1:1]" gui_info="hw_vios/hw_vio_3=11"/>
    <Object name="uhdsdi_demo/gth_wiz_reset_all_in_int_3[2:2]" gui_info="hw_vios/hw_vio_3=12"/>
    <Object name="uhdsdi_demo/qpll0lock" gui_info="hw_vios/hw_vio_3=6"/>
    <Object name="uhdsdi_demo/qpll1lock" gui_info="hw_vios/hw_vio_3=7"/>
    <Object name="uhdsdi_demo/rx_active_streams[2:0]" gui_info="hw_vios/hw_vio_1=0"/>
    <Object name="uhdsdi_demo/rx_bit_rate" gui_info="hw_vios/hw_vio_1=5"/>
    <Object name="uhdsdi_demo/rx_change_done" gui_info="hw_vios/hw_vio_1=1"/>
    <Object name="uhdsdi_demo/rx_change_fail" gui_info="hw_vios/hw_vio_1=2"/>
    <Object name="uhdsdi_demo/rx_change_fail_code[2:0]" gui_info="hw_vios/hw_vio_1=6"/>
    <Object name="uhdsdi_demo/rx_clr_errs" gui_info="hw_vios/hw_vio_1=26"/>
    <Object name="uhdsdi_demo/rx_crc_err_indicator" gui_info="hw_vios/hw_vio_1=7"/>
    <Object name="uhdsdi_demo/rx_err_count[15:0]" gui_info="hw_vios/hw_vio_1=4"/>
    <Object name="uhdsdi_demo/rx_level_b" gui_info="hw_vios/hw_vio_1=8"/>
    <Object name="uhdsdi_demo/rx_mode_12g" gui_info="hw_vios/hw_vio_1=9"/>
    <Object name="uhdsdi_demo/rx_mode_3g" gui_info="hw_vios/hw_vio_1=10"/>
    <Object name="uhdsdi_demo/rx_mode_6g" gui_info="hw_vios/hw_vio_1=3"/>
    <Object name="uhdsdi_demo/rx_mode_hd" gui_info="hw_vios/hw_vio_1=11"/>
    <Object name="uhdsdi_demo/rx_mode_locked" gui_info="hw_vios/hw_vio_1=12"/>
    <Object name="uhdsdi_demo/rx_mode_sd" gui_info="hw_vios/hw_vio_1=13"/>
    <Object name="uhdsdi_demo/rx_reset" gui_info="hw_vios/hw_vio_1=27"/>
    <Object name="uhdsdi_demo/rx_resetdone" gui_info="hw_vios/hw_vio_1=14"/>
    <Object name="uhdsdi_demo/rx_st352_0[31:0]" gui_info="hw_vios/hw_vio_1=15"/>
    <Object name="uhdsdi_demo/rx_st352_0_valid" gui_info="hw_vios/hw_vio_1=16"/>
    <Object name="uhdsdi_demo/rx_st352_1[31:0]" gui_info="hw_vios/hw_vio_1=17"/>
    <Object name="uhdsdi_demo/rx_st352_1_valid" gui_info="hw_vios/hw_vio_1=18"/>
    <Object name="uhdsdi_demo/rx_st352_2[31:0]" gui_info="hw_vios/hw_vio_1=19"/>
    <Object name="uhdsdi_demo/rx_st352_2_valid" gui_info="hw_vios/hw_vio_1=20"/>
    <Object name="uhdsdi_demo/rx_st352_3[31:0]" gui_info="hw_vios/hw_vio_1=21"/>
    <Object name="uhdsdi_demo/rx_st352_3_valid" gui_info="hw_vios/hw_vio_1=28"/>
    <Object name="uhdsdi_demo/rx_t_family[3:0]" gui_info="hw_vios/hw_vio_1=22"/>
    <Object name="uhdsdi_demo/rx_t_locked" gui_info="hw_vios/hw_vio_1=23"/>
    <Object name="uhdsdi_demo/rx_t_rate[3:0]" gui_info="hw_vios/hw_vio_1=24"/>
    <Object name="uhdsdi_demo/rx_t_scan" gui_info="hw_vios/hw_vio_1=25"/>
  </ObjectList>
  <probeset name="hw project" active="false">
    <probe type="ila" busType="net" source="netlist" spec="ILA_V2_RT">
      <probeOptions Id="DebugProbeParams">
        <Option Id="CAPTURE_COMPARE_VALUE" value="eq1&apos;bX"/>
        <Option Id="COMPARE_VALUE.0" value="eq1&apos;bX"/>
        <Option Id="DISPLAY_HINT" value=""/>
        <Option Id="DISPLAY_VISIBILITY" value=""/>
        <Option Id="HW_ILA" value="hw_ila_1"/>
        <Option Id="LINK_TO_WAVEFORM" value="1"/>
        <Option Id="MAP" value="probe12[0]"/>
        <Option Id="NAME.CUSTOM" value=""/>
        <Option Id="NAME.SELECT" value="Long"/>
        <Option Id="SOURCE" value="netlist"/>
        <Option Id="TRIGGER_COMPARE_VALUE" value="eq1&apos;bX"/>
      </probeOptions>
      <nets>
        <net name="uhdsdi_demo/rx_ce"/>
      </nets>
    </probe>
    <probe type="ila" busType="bus" source="netlist" spec="ILA_V2_RT">
      <probeOptions Id="DebugProbeParams">
        <Option Id="CAPTURE_COMPARE_VALUE" value="eq8&apos;hXX"/>
        <Option Id="COMPARE_VALUE.0" value="eq8&apos;hXX"/>
        <Option Id="DISPLAY_HINT" value=""/>
        <Option Id="DISPLAY_VISIBILITY" value=""/>
        <Option Id="HW_ILA" value="hw_ila_1"/>
        <Option Id="LINK_TO_WAVEFORM" value="1"/>
        <Option Id="MAP" value="probe11[7:0]"/>
        <Option Id="NAME.CUSTOM" value=""/>
        <Option Id="NAME.SELECT" value="Long"/>
        <Option Id="SOURCE" value="netlist"/>
        <Option Id="TRIGGER_COMPARE_VALUE" value="eq8&apos;hXX"/>
      </probeOptions>
      <nets>
        <net name="uhdsdi_demo/rx_crc_err[7]"/>
        <net name="uhdsdi_demo/rx_crc_err[6]"/>
        <net name="uhdsdi_demo/rx_crc_err[5]"/>
        <net name="uhdsdi_demo/rx_crc_err[4]"/>
        <net name="uhdsdi_demo/rx_crc_err[3]"/>
        <net name="uhdsdi_demo/rx_crc_err[2]"/>
        <net name="uhdsdi_demo/rx_crc_err[1]"/>
        <net name="uhdsdi_demo/rx_crc_err[0]"/>
      </nets>
    </probe>
    <probe type="ila" busType="bus" source="netlist" spec="ILA_V2_RT">
      <probeOptions Id="DebugProbeParams">
        <Option Id="CAPTURE_COMPARE_VALUE" value="eq10&apos;hXXX"/>
        <Option Id="COMPARE_VALUE.0" value="eq10&apos;hXXX"/>
        <Option Id="DISPLAY_HINT" value=""/>
        <Option Id="DISPLAY_VISIBILITY" value=""/>
        <Option Id="HW_ILA" value="hw_ila_1"/>
        <Option Id="LINK_TO_WAVEFORM" value="1"/>
        <Option Id="MAP" value="probe2[9:0]"/>
        <Option Id="NAME.CUSTOM" value=""/>
        <Option Id="NAME.SELECT" value="Long"/>
        <Option Id="SOURCE" value="netlist"/>
        <Option Id="TRIGGER_COMPARE_VALUE" value="eq10&apos;hXXX"/>
      </probeOptions>
      <nets>
        <net name="uhdsdi_demo/rx_ds1[9]"/>
        <net name="uhdsdi_demo/rx_ds1[8]"/>
        <net name="uhdsdi_demo/rx_ds1[7]"/>
        <net name="uhdsdi_demo/rx_ds1[6]"/>
        <net name="uhdsdi_demo/rx_ds1[5]"/>
        <net name="uhdsdi_demo/rx_ds1[4]"/>
        <net name="uhdsdi_demo/rx_ds1[3]"/>
        <net name="uhdsdi_demo/rx_ds1[2]"/>
        <net name="uhdsdi_demo/rx_ds1[1]"/>
        <net name="uhdsdi_demo/rx_ds1[0]"/>
      </nets>
    </probe>
    <probe type="ila" busType="bus" source="netlist" spec="ILA_V2_RT">
      <probeOptions Id="DebugProbeParams">
        <Option Id="CAPTURE_COMPARE_VALUE" value="eq10&apos;hXXX"/>
        <Option Id="COMPARE_VALUE.0" value="eq10&apos;hXXX"/>
        <Option Id="DISPLAY_HINT" value=""/>
        <Option Id="DISPLAY_VISIBILITY" value=""/>
        <Option Id="HW_ILA" value="hw_ila_1"/>
        <Option Id="LINK_TO_WAVEFORM" value="1"/>
        <Option Id="MAP" value="probe3[9:0]"/>
        <Option Id="NAME.CUSTOM" value=""/>
        <Option Id="NAME.SELECT" value="Long"/>
        <Option Id="SOURCE" value="netlist"/>
        <Option Id="TRIGGER_COMPARE_VALUE" value="eq10&apos;hXXX"/>
      </probeOptions>
      <nets>
        <net name="uhdsdi_demo/rx_ds2[9]"/>
        <net name="uhdsdi_demo/rx_ds2[8]"/>
        <net name="uhdsdi_demo/rx_ds2[7]"/>
        <net name="uhdsdi_demo/rx_ds2[6]"/>
        <net name="uhdsdi_demo/rx_ds2[5]"/>
        <net name="uhdsdi_demo/rx_ds2[4]"/>
        <net name="uhdsdi_demo/rx_ds2[3]"/>
        <net name="uhdsdi_demo/rx_ds2[2]"/>
        <net name="uhdsdi_demo/rx_ds2[1]"/>
        <net name="uhdsdi_demo/rx_ds2[0]"/>
      </nets>
    </probe>
    <probe type="ila" busType="bus" source="netlist" spec="ILA_V2_RT">
      <probeOptions Id="DebugProbeParams">
        <Option Id="CAPTURE_COMPARE_VALUE" value="eq10&apos;hXXX"/>
        <Option Id="COMPARE_VALUE.0" value="eq10&apos;hXXX"/>
        <Option Id="DISPLAY_HINT" value=""/>
        <Option Id="DISPLAY_VISIBILITY" value=""/>
        <Option Id="HW_ILA" value="hw_ila_1"/>
        <Option Id="LINK_TO_WAVEFORM" value="1"/>
        <Option Id="MAP" value="probe4[9:0]"/>
        <Option Id="NAME.CUSTOM" value=""/>
        <Option Id="NAME.SELECT" value="Long"/>
        <Option Id="SOURCE" value="netlist"/>
        <Option Id="TRIGGER_COMPARE_VALUE" value="eq10&apos;hXXX"/>
      </probeOptions>
      <nets>
        <net name="uhdsdi_demo/rx_ds3[9]"/>
        <net name="uhdsdi_demo/rx_ds3[8]"/>
        <net name="uhdsdi_demo/rx_ds3[7]"/>
        <net name="uhdsdi_demo/rx_ds3[6]"/>
        <net name="uhdsdi_demo/rx_ds3[5]"/>
        <net name="uhdsdi_demo/rx_ds3[4]"/>
        <net name="uhdsdi_demo/rx_ds3[3]"/>
        <net name="uhdsdi_demo/rx_ds3[2]"/>
        <net name="uhdsdi_demo/rx_ds3[1]"/>
        <net name="uhdsdi_demo/rx_ds3[0]"/>
      </nets>
    </probe>
    <probe type="ila" busType="bus" source="netlist" spec="ILA_V2_RT">
      <probeOptions Id="DebugProbeParams">
        <Option Id="CAPTURE_COMPARE_VALUE" value="eq10&apos;hXXX"/>
        <Option Id="COMPARE_VALUE.0" value="eq10&apos;hXXX"/>
        <Option Id="DISPLAY_HINT" value=""/>
        <Option Id="DISPLAY_VISIBILITY" value=""/>
        <Option Id="HW_ILA" value="hw_ila_1"/>
        <Option Id="LINK_TO_WAVEFORM" value="1"/>
        <Option Id="MAP" value="probe5[9:0]"/>
        <Option Id="NAME.CUSTOM" value=""/>
        <Option Id="NAME.SELECT" value="Long"/>
        <Option Id="SOURCE" value="netlist"/>
        <Option Id="TRIGGER_COMPARE_VALUE" value="eq10&apos;hXXX"/>
      </probeOptions>
      <nets>
        <net name="uhdsdi_demo/rx_ds4[9]"/>
        <net name="uhdsdi_demo/rx_ds4[8]"/>
        <net name="uhdsdi_demo/rx_ds4[7]"/>
        <net name="uhdsdi_demo/rx_ds4[6]"/>
        <net name="uhdsdi_demo/rx_ds4[5]"/>
        <net name="uhdsdi_demo/rx_ds4[4]"/>
        <net name="uhdsdi_demo/rx_ds4[3]"/>
        <net name="uhdsdi_demo/rx_ds4[2]"/>
        <net name="uhdsdi_demo/rx_ds4[1]"/>
        <net name="uhdsdi_demo/rx_ds4[0]"/>
      </nets>
    </probe>
    <probe type="ila" busType="bus" source="netlist" spec="ILA_V2_RT">
      <probeOptions Id="DebugProbeParams">
        <Option Id="CAPTURE_COMPARE_VALUE" value="eq10&apos;hXXX"/>
        <Option Id="COMPARE_VALUE.0" value="eq10&apos;hXXX"/>
        <Option Id="DISPLAY_HINT" value=""/>
        <Option Id="DISPLAY_VISIBILITY" value=""/>
        <Option Id="HW_ILA" value="hw_ila_1"/>
        <Option Id="LINK_TO_WAVEFORM" value="1"/>
        <Option Id="MAP" value="probe6[9:0]"/>
        <Option Id="NAME.CUSTOM" value=""/>
        <Option Id="NAME.SELECT" value="Long"/>
        <Option Id="SOURCE" value="netlist"/>
        <Option Id="TRIGGER_COMPARE_VALUE" value="eq10&apos;hXXX"/>
      </probeOptions>
      <nets>
        <net name="uhdsdi_demo/rx_ds5[9]"/>
        <net name="uhdsdi_demo/rx_ds5[8]"/>
        <net name="uhdsdi_demo/rx_ds5[7]"/>
        <net name="uhdsdi_demo/rx_ds5[6]"/>
        <net name="uhdsdi_demo/rx_ds5[5]"/>
        <net name="uhdsdi_demo/rx_ds5[4]"/>
        <net name="uhdsdi_demo/rx_ds5[3]"/>
        <net name="uhdsdi_demo/rx_ds5[2]"/>
        <net name="uhdsdi_demo/rx_ds5[1]"/>
        <net name="uhdsdi_demo/rx_ds5[0]"/>
      </nets>
    </probe>
    <probe type="ila" busType="bus" source="netlist" spec="ILA_V2_RT">
      <probeOptions Id="DebugProbeParams">
        <Option Id="CAPTURE_COMPARE_VALUE" value="eq10&apos;hXXX"/>
        <Option Id="COMPARE_VALUE.0" value="eq10&apos;hXXX"/>
        <Option Id="DISPLAY_HINT" value=""/>
        <Option Id="DISPLAY_VISIBILITY" value=""/>
        <Option Id="HW_ILA" value="hw_ila_1"/>
        <Option Id="LINK_TO_WAVEFORM" value="1"/>
        <Option Id="MAP" value="probe7[9:0]"/>
        <Option Id="NAME.CUSTOM" value=""/>
        <Option Id="NAME.SELECT" value="Long"/>
        <Option Id="SOURCE" value="netlist"/>
        <Option Id="TRIGGER_COMPARE_VALUE" value="eq10&apos;hXXX"/>
      </probeOptions>
      <nets>
        <net name="uhdsdi_demo/rx_ds6[9]"/>
        <net name="uhdsdi_demo/rx_ds6[8]"/>
        <net name="uhdsdi_demo/rx_ds6[7]"/>
        <net name="uhdsdi_demo/rx_ds6[6]"/>
        <net name="uhdsdi_demo/rx_ds6[5]"/>
        <net name="uhdsdi_demo/rx_ds6[4]"/>
        <net name="uhdsdi_demo/rx_ds6[3]"/>
        <net name="uhdsdi_demo/rx_ds6[2]"/>
        <net name="uhdsdi_demo/rx_ds6[1]"/>
        <net name="uhdsdi_demo/rx_ds6[0]"/>
      </nets>
    </probe>
    <probe type="ila" busType="bus" source="netlist" spec="ILA_V2_RT">
      <probeOptions Id="DebugProbeParams">
        <Option Id="CAPTURE_COMPARE_VALUE" value="eq10&apos;hXXX"/>
        <Option Id="COMPARE_VALUE.0" value="eq10&apos;hXXX"/>
        <Option Id="DISPLAY_HINT" value=""/>
        <Option Id="DISPLAY_VISIBILITY" value=""/>
        <Option Id="HW_ILA" value="hw_ila_1"/>
        <Option Id="LINK_TO_WAVEFORM" value="1"/>
        <Option Id="MAP" value="probe8[9:0]"/>
        <Option Id="NAME.CUSTOM" value=""/>
        <Option Id="NAME.SELECT" value="Long"/>
        <Option Id="SOURCE" value="netlist"/>
        <Option Id="TRIGGER_COMPARE_VALUE" value="eq10&apos;hXXX"/>
      </probeOptions>
      <nets>
        <net name="uhdsdi_demo/rx_ds7[9]"/>
        <net name="uhdsdi_demo/rx_ds7[8]"/>
        <net name="uhdsdi_demo/rx_ds7[7]"/>
        <net name="uhdsdi_demo/rx_ds7[6]"/>
        <net name="uhdsdi_demo/rx_ds7[5]"/>
        <net name="uhdsdi_demo/rx_ds7[4]"/>
        <net name="uhdsdi_demo/rx_ds7[3]"/>
        <net name="uhdsdi_demo/rx_ds7[2]"/>
        <net name="uhdsdi_demo/rx_ds7[1]"/>
        <net name="uhdsdi_demo/rx_ds7[0]"/>
      </nets>
    </probe>
    <probe type="ila" busType="bus" source="netlist" spec="ILA_V2_RT">
      <probeOptions Id="DebugProbeParams">
        <Option Id="CAPTURE_COMPARE_VALUE" value="eq10&apos;hXXX"/>
        <Option Id="COMPARE_VALUE.0" value="eq10&apos;hXXX"/>
        <Option Id="DISPLAY_HINT" value=""/>
        <Option Id="DISPLAY_VISIBILITY" value=""/>
        <Option Id="HW_ILA" value="hw_ila_1"/>
        <Option Id="LINK_TO_WAVEFORM" value="1"/>
        <Option Id="MAP" value="probe9[9:0]"/>
        <Option Id="NAME.CUSTOM" value=""/>
        <Option Id="NAME.SELECT" value="Long"/>
        <Option Id="SOURCE" value="netlist"/>
        <Option Id="TRIGGER_COMPARE_VALUE" value="eq10&apos;hXXX"/>
      </probeOptions>
      <nets>
        <net name="uhdsdi_demo/rx_ds8[9]"/>
        <net name="uhdsdi_demo/rx_ds8[8]"/>
        <net name="uhdsdi_demo/rx_ds8[7]"/>
        <net name="uhdsdi_demo/rx_ds8[6]"/>
        <net name="uhdsdi_demo/rx_ds8[5]"/>
        <net name="uhdsdi_demo/rx_ds8[4]"/>
        <net name="uhdsdi_demo/rx_ds8[3]"/>
        <net name="uhdsdi_demo/rx_ds8[2]"/>
        <net name="uhdsdi_demo/rx_ds8[1]"/>
        <net name="uhdsdi_demo/rx_ds8[0]"/>
      </nets>
    </probe>
    <probe type="ila" busType="net" source="netlist" spec="ILA_V2_RT">
      <probeOptions Id="DebugProbeParams">
        <Option Id="CAPTURE_COMPARE_VALUE" value="eq1&apos;bX"/>
        <Option Id="COMPARE_VALUE.0" value="eq1&apos;bX"/>
        <Option Id="DISPLAY_HINT" value=""/>
        <Option Id="DISPLAY_VISIBILITY" value=""/>
        <Option Id="HW_ILA" value="hw_ila_1"/>
        <Option Id="LINK_TO_WAVEFORM" value="1"/>
        <Option Id="MAP" value="probe1[0]"/>
        <Option Id="NAME.CUSTOM" value=""/>
        <Option Id="NAME.SELECT" value="Long"/>
        <Option Id="SOURCE" value="netlist"/>
        <Option Id="TRIGGER_COMPARE_VALUE" value="eq1&apos;bX"/>
      </probeOptions>
      <nets>
        <net name="uhdsdi_demo/rx_eav"/>
      </nets>
    </probe>
    <probe type="ila" busType="bus" source="netlist" spec="ILA_V2_RT">
      <probeOptions Id="DebugProbeParams">
        <Option Id="CAPTURE_COMPARE_VALUE" value="eq11&apos;hXXX"/>
        <Option Id="COMPARE_VALUE.0" value="eq11&apos;hXXX"/>
        <Option Id="DISPLAY_HINT" value=""/>
        <Option Id="DISPLAY_VISIBILITY" value=""/>
        <Option Id="HW_ILA" value="hw_ila_1"/>
        <Option Id="LINK_TO_WAVEFORM" value="1"/>
        <Option Id="MAP" value="probe10[10:0]"/>
        <Option Id="NAME.CUSTOM" value=""/>
        <Option Id="NAME.SELECT" value="Long"/>
        <Option Id="SOURCE" value="netlist"/>
        <Option Id="TRIGGER_COMPARE_VALUE" value="eq11&apos;hXXX"/>
      </probeOptions>
      <nets>
        <net name="uhdsdi_demo/rx_ln_ds1[10]"/>
        <net name="uhdsdi_demo/rx_ln_ds1[9]"/>
        <net name="uhdsdi_demo/rx_ln_ds1[8]"/>
        <net name="uhdsdi_demo/rx_ln_ds1[7]"/>
        <net name="uhdsdi_demo/rx_ln_ds1[6]"/>
        <net name="uhdsdi_demo/rx_ln_ds1[5]"/>
        <net name="uhdsdi_demo/rx_ln_ds1[4]"/>
        <net name="uhdsdi_demo/rx_ln_ds1[3]"/>
        <net name="uhdsdi_demo/rx_ln_ds1[2]"/>
        <net name="uhdsdi_demo/rx_ln_ds1[1]"/>
        <net name="uhdsdi_demo/rx_ln_ds1[0]"/>
      </nets>
    </probe>
    <probe type="ila" busType="net" source="netlist" spec="ILA_V2_RT">
      <probeOptions Id="DebugProbeParams">
        <Option Id="CAPTURE_COMPARE_VALUE" value="eq1&apos;bX"/>
        <Option Id="COMPARE_VALUE.0" value="eq1&apos;bX"/>
        <Option Id="DISPLAY_HINT" value=""/>
        <Option Id="DISPLAY_VISIBILITY" value=""/>
        <Option Id="HW_ILA" value="hw_ila_1"/>
        <Option Id="LINK_TO_WAVEFORM" value="1"/>
        <Option Id="MAP" value="probe0[0]"/>
        <Option Id="NAME.CUSTOM" value=""/>
        <Option Id="NAME.SELECT" value="Long"/>
        <Option Id="SOURCE" value="netlist"/>
        <Option Id="TRIGGER_COMPARE_VALUE" value="eq1&apos;bX"/>
      </probeOptions>
      <nets>
        <net name="uhdsdi_demo/rx_sav"/>
      </nets>
    </probe>
    <probe type="vio_input" busType="net" source="netlist" spec="VIO_INPUT_V2_RT">
      <probeOptions Id="DebugProbeParams">
        <Option Id="ACTIVITY_PERSISTENCE" value="SHORT"/>
        <Option Id="DISPLAY_HINT" value=""/>
        <Option Id="DISPLAY_VISIBILITY" value=""/>
        <Option Id="HW_VIO" value="hw_vio_3"/>
        <Option Id="INPUT_VALUE_RADIX" value="BINARY"/>
        <Option Id="NAME.CUSTOM" value=""/>
        <Option Id="NAME.SELECT" value="Long"/>
        <Option Id="SOURCE" value="netlist"/>
      </probeOptions>
      <nets>
        <net name="uhdsdi_demo/&lt;const0>"/>
      </nets>
    </probe>
    <probe type="vio_input" busType="net" source="netlist" spec="VIO_INPUT_V2_RT">
      <probeOptions Id="DebugProbeParams">
        <Option Id="ACTIVITY_PERSISTENCE" value="SHORT"/>
        <Option Id="DISPLAY_HINT" value=""/>
        <Option Id="DISPLAY_VISIBILITY" value=""/>
        <Option Id="HW_VIO" value="hw_vio_3"/>
        <Option Id="INPUT_VALUE_RADIX" value="BINARY"/>
        <Option Id="NAME.CUSTOM" value=""/>
        <Option Id="NAME.SELECT" value="Long"/>
        <Option Id="SOURCE" value="netlist"/>
      </probeOptions>
      <nets>
        <net name="uhdsdi_demo/&lt;const0>_1"/>
      </nets>
    </probe>
    <probe type="vio_input" busType="net" source="netlist" spec="VIO_INPUT_V2_RT">
      <probeOptions Id="DebugProbeParams">
        <Option Id="ACTIVITY_PERSISTENCE" value="SHORT"/>
        <Option Id="DISPLAY_HINT" value=""/>
        <Option Id="DISPLAY_VISIBILITY" value=""/>
        <Option Id="HW_VIO" value="hw_vio_3"/>
        <Option Id="INPUT_VALUE_RADIX" value="BINARY"/>
        <Option Id="NAME.CUSTOM" value=""/>
        <Option Id="NAME.SELECT" value="Long"/>
        <Option Id="SOURCE" value="netlist"/>
      </probeOptions>
      <nets>
        <net name="uhdsdi_demo/&lt;const0>_2"/>
      </nets>
    </probe>
    <probe type="vio_input" busType="net" source="netlist" spec="VIO_INPUT_V2_RT">
      <probeOptions Id="DebugProbeParams">
        <Option Id="ACTIVITY_PERSISTENCE" value="SHORT"/>
        <Option Id="DISPLAY_HINT" value=""/>
        <Option Id="DISPLAY_VISIBILITY" value=""/>
        <Option Id="HW_VIO" value="hw_vio_3"/>
        <Option Id="INPUT_VALUE_RADIX" value="BINARY"/>
        <Option Id="NAME.CUSTOM" value=""/>
        <Option Id="NAME.SELECT" value="Long"/>
        <Option Id="SOURCE" value="netlist"/>
      </probeOptions>
      <nets>
        <net name="uhdsdi_demo/&lt;const0>_3"/>
      </nets>
    </probe>
    <probe type="vio_input" busType="net" source="netlist" spec="VIO_INPUT_V2_RT">
      <probeOptions Id="DebugProbeParams">
        <Option Id="ACTIVITY_PERSISTENCE" value="SHORT"/>
        <Option Id="DISPLAY_HINT" value=""/>
        <Option Id="DISPLAY_VISIBILITY" value=""/>
        <Option Id="HW_VIO" value="hw_vio_3"/>
        <Option Id="INPUT_VALUE_RADIX" value="BINARY"/>
        <Option Id="NAME.CUSTOM" value=""/>
        <Option Id="NAME.SELECT" value="Long"/>
        <Option Id="SOURCE" value="netlist"/>
      </probeOptions>
      <nets>
        <net name="uhdsdi_demo/&lt;const0>_4"/>
      </nets>
    </probe>
    <probe type="vio_input" busType="net" source="netlist" spec="VIO_INPUT_V2_RT">
      <probeOptions Id="DebugProbeParams">
        <Option Id="ACTIVITY_PERSISTENCE" value="SHORT"/>
        <Option Id="DISPLAY_HINT" value=""/>
        <Option Id="DISPLAY_VISIBILITY" value=""/>
        <Option Id="HW_VIO" value="hw_vio_3"/>
        <Option Id="INPUT_VALUE_RADIX" value="BINARY"/>
        <Option Id="NAME.CUSTOM" value=""/>
        <Option Id="NAME.SELECT" value="Long"/>
        <Option Id="SOURCE" value="netlist"/>
      </probeOptions>
      <nets>
        <net name="uhdsdi_demo/&lt;const0>_5"/>
      </nets>
    </probe>
    <probe type="vio_input" busType="bus" source="netlist" spec="VIO_INPUT_V2_RT">
      <probeOptions Id="DebugProbeParams">
        <Option Id="ACTIVITY_PERSISTENCE" value="SHORT"/>
        <Option Id="DISPLAY_HINT" value=""/>
        <Option Id="DISPLAY_VISIBILITY" value=""/>
        <Option Id="HW_VIO" value="hw_vio_3"/>
        <Option Id="INPUT_VALUE_RADIX" value="BINARY"/>
        <Option Id="NAME.CUSTOM" value=""/>
        <Option Id="NAME.SELECT" value="Long"/>
        <Option Id="SOURCE" value="netlist"/>
      </probeOptions>
      <nets>
        <net name="uhdsdi_demo/cplllock[0]"/>
      </nets>
    </probe>
    <probe type="vio_input" busType="bus" source="netlist" spec="VIO_INPUT_V2_RT">
      <probeOptions Id="DebugProbeParams">
        <Option Id="ACTIVITY_PERSISTENCE" value="SHORT"/>
        <Option Id="DISPLAY_HINT" value=""/>
        <Option Id="DISPLAY_VISIBILITY" value=""/>
        <Option Id="HW_VIO" value="hw_vio_3"/>
        <Option Id="INPUT_VALUE_RADIX" value="BINARY"/>
        <Option Id="NAME.CUSTOM" value=""/>
        <Option Id="NAME.SELECT" value="Long"/>
        <Option Id="SOURCE" value="netlist"/>
      </probeOptions>
      <nets>
        <net name="uhdsdi_demo/drp_fail[0]"/>
      </nets>
    </probe>
    <probe type="vio_input" busType="net" source="netlist" spec="VIO_INPUT_V2_RT">
      <probeOptions Id="DebugProbeParams">
        <Option Id="ACTIVITY_PERSISTENCE" value="SHORT"/>
        <Option Id="DISPLAY_HINT" value=""/>
        <Option Id="DISPLAY_VISIBILITY" value=""/>
        <Option Id="HW_VIO" value="hw_vio_2"/>
        <Option Id="INPUT_VALUE_RADIX" value="BINARY"/>
        <Option Id="NAME.CUSTOM" value=""/>
        <Option Id="NAME.SELECT" value="Long"/>
        <Option Id="SOURCE" value="netlist"/>
      </probeOptions>
      <nets>
        <net name="uhdsdi_demo/genblk1[0].uhdsdi_vidgen_i/tx_change_done"/>
      </nets>
    </probe>
    <probe type="vio_input" busType="net" source="netlist" spec="VIO_INPUT_V2_RT">
      <probeOptions Id="DebugProbeParams">
        <Option Id="ACTIVITY_PERSISTENCE" value="SHORT"/>
        <Option Id="DISPLAY_HINT" value=""/>
        <Option Id="DISPLAY_VISIBILITY" value=""/>
        <Option Id="HW_VIO" value="hw_vio_2"/>
        <Option Id="INPUT_VALUE_RADIX" value="BINARY"/>
        <Option Id="NAME.CUSTOM" value=""/>
        <Option Id="NAME.SELECT" value="Long"/>
        <Option Id="SOURCE" value="netlist"/>
      </probeOptions>
      <nets>
        <net name="uhdsdi_demo/genblk1[0].uhdsdi_vidgen_i/tx_change_fail"/>
      </nets>
    </probe>
    <probe type="vio_input" busType="bus" source="netlist" spec="VIO_INPUT_V2_RT">
      <probeOptions Id="DebugProbeParams">
        <Option Id="ACTIVITY_PERSISTENCE" value="SHORT"/>
        <Option Id="DISPLAY_HINT" value=""/>
        <Option Id="DISPLAY_VISIBILITY" value=""/>
        <Option Id="HW_VIO" value="hw_vio_2"/>
        <Option Id="INPUT_VALUE_RADIX" value="HEX"/>
        <Option Id="NAME.CUSTOM" value=""/>
        <Option Id="NAME.SELECT" value="Long"/>
        <Option Id="SOURCE" value="netlist"/>
      </probeOptions>
      <nets>
        <net name="uhdsdi_demo/genblk1[0].uhdsdi_vidgen_i/tx_change_fail_code[2]"/>
        <net name="uhdsdi_demo/genblk1[0].uhdsdi_vidgen_i/tx_change_fail_code[1]"/>
        <net name="uhdsdi_demo/genblk1[0].uhdsdi_vidgen_i/tx_change_fail_code[0]"/>
      </nets>
    </probe>
    <probe type="vio_input" busType="net" source="netlist" spec="VIO_INPUT_V2_RT">
      <probeOptions Id="DebugProbeParams">
        <Option Id="ACTIVITY_PERSISTENCE" value="SHORT"/>
        <Option Id="DISPLAY_HINT" value=""/>
        <Option Id="DISPLAY_VISIBILITY" value=""/>
        <Option Id="HW_VIO" value="hw_vio_3"/>
        <Option Id="INPUT_VALUE_RADIX" value="BINARY"/>
        <Option Id="NAME.CUSTOM" value=""/>
        <Option Id="NAME.SELECT" value="Long"/>
        <Option Id="SOURCE" value="netlist"/>
      </probeOptions>
      <nets>
        <net name="uhdsdi_demo/qpll0lock"/>
      </nets>
    </probe>
    <probe type="vio_input" busType="net" source="netlist" spec="VIO_INPUT_V2_RT">
      <probeOptions Id="DebugProbeParams">
        <Option Id="ACTIVITY_PERSISTENCE" value="SHORT"/>
        <Option Id="DISPLAY_HINT" value=""/>
        <Option Id="DISPLAY_VISIBILITY" value=""/>
        <Option Id="HW_VIO" value="hw_vio_3"/>
        <Option Id="INPUT_VALUE_RADIX" value="BINARY"/>
        <Option Id="NAME.CUSTOM" value=""/>
        <Option Id="NAME.SELECT" value="Long"/>
        <Option Id="SOURCE" value="netlist"/>
      </probeOptions>
      <nets>
        <net name="uhdsdi_demo/qpll1lock"/>
      </nets>
    </probe>
    <probe type="vio_input" busType="bus" source="netlist" spec="VIO_INPUT_V2_RT">
      <probeOptions Id="DebugProbeParams">
        <Option Id="ACTIVITY_PERSISTENCE" value="SHORT"/>
        <Option Id="DISPLAY_HINT" value=""/>
        <Option Id="DISPLAY_VISIBILITY" value=""/>
        <Option Id="HW_VIO" value="hw_vio_1"/>
        <Option Id="INPUT_VALUE_RADIX" value="HEX"/>
        <Option Id="NAME.CUSTOM" value=""/>
        <Option Id="NAME.SELECT" value="Long"/>
        <Option Id="SOURCE" value="netlist"/>
      </probeOptions>
      <nets>
        <net name="uhdsdi_demo/rx_active_streams[2]"/>
        <net name="uhdsdi_demo/rx_active_streams[1]"/>
        <net name="uhdsdi_demo/rx_active_streams[0]"/>
      </nets>
    </probe>
    <probe type="vio_input" busType="net" source="netlist" spec="VIO_INPUT_V2_RT">
      <probeOptions Id="DebugProbeParams">
        <Option Id="ACTIVITY_PERSISTENCE" value="SHORT"/>
        <Option Id="DISPLAY_HINT" value=""/>
        <Option Id="DISPLAY_VISIBILITY" value=""/>
        <Option Id="HW_VIO" value="hw_vio_1"/>
        <Option Id="INPUT_VALUE_RADIX" value="BINARY"/>
        <Option Id="NAME.CUSTOM" value=""/>
        <Option Id="NAME.SELECT" value="Long"/>
        <Option Id="SOURCE" value="netlist"/>
      </probeOptions>
      <nets>
        <net name="uhdsdi_demo/rx_bit_rate"/>
      </nets>
    </probe>
    <probe type="vio_input" busType="net" source="netlist" spec="VIO_INPUT_V2_RT">
      <probeOptions Id="DebugProbeParams">
        <Option Id="ACTIVITY_PERSISTENCE" value="SHORT"/>
        <Option Id="DISPLAY_HINT" value=""/>
        <Option Id="DISPLAY_VISIBILITY" value=""/>
        <Option Id="HW_VIO" value="hw_vio_1"/>
        <Option Id="INPUT_VALUE_RADIX" value="BINARY"/>
        <Option Id="NAME.CUSTOM" value=""/>
        <Option Id="NAME.SELECT" value="Long"/>
        <Option Id="SOURCE" value="netlist"/>
      </probeOptions>
      <nets>
        <net name="uhdsdi_demo/rx_change_done"/>
      </nets>
    </probe>
    <probe type="vio_input" busType="net" source="netlist" spec="VIO_INPUT_V2_RT">
      <probeOptions Id="DebugProbeParams">
        <Option Id="ACTIVITY_PERSISTENCE" value="SHORT"/>
        <Option Id="DISPLAY_HINT" value=""/>
        <Option Id="DISPLAY_VISIBILITY" value=""/>
        <Option Id="HW_VIO" value="hw_vio_1"/>
        <Option Id="INPUT_VALUE_RADIX" value="BINARY"/>
        <Option Id="NAME.CUSTOM" value=""/>
        <Option Id="NAME.SELECT" value="Long"/>
        <Option Id="SOURCE" value="netlist"/>
      </probeOptions>
      <nets>
        <net name="uhdsdi_demo/rx_change_fail"/>
      </nets>
    </probe>
    <probe type="vio_input" busType="bus" source="netlist" spec="VIO_INPUT_V2_RT">
      <probeOptions Id="DebugProbeParams">
        <Option Id="ACTIVITY_PERSISTENCE" value="SHORT"/>
        <Option Id="DISPLAY_HINT" value=""/>
        <Option Id="DISPLAY_VISIBILITY" value=""/>
        <Option Id="HW_VIO" value="hw_vio_1"/>
        <Option Id="INPUT_VALUE_RADIX" value="HEX"/>
        <Option Id="NAME.CUSTOM" value=""/>
        <Option Id="NAME.SELECT" value="Long"/>
        <Option Id="SOURCE" value="netlist"/>
      </probeOptions>
      <nets>
        <net name="uhdsdi_demo/rx_change_fail_code[2]"/>
        <net name="uhdsdi_demo/rx_change_fail_code[1]"/>
        <net name="uhdsdi_demo/rx_change_fail_code[0]"/>
      </nets>
    </probe>
    <probe type="vio_input" busType="net" source="netlist" spec="VIO_INPUT_V2_RT">
      <probeOptions Id="DebugProbeParams">
        <Option Id="ACTIVITY_PERSISTENCE" value="SHORT"/>
        <Option Id="DISPLAY_HINT" value=""/>
        <Option Id="DISPLAY_VISIBILITY" value=""/>
        <Option Id="HW_VIO" value="hw_vio_1"/>
        <Option Id="INPUT_VALUE_RADIX" value="BINARY"/>
        <Option Id="NAME.CUSTOM" value=""/>
        <Option Id="NAME.SELECT" value="Long"/>
        <Option Id="SOURCE" value="netlist"/>
      </probeOptions>
      <nets>
        <net name="uhdsdi_demo/rx_crc_err_indicator"/>
      </nets>
    </probe>
    <probe type="vio_input" busType="bus" source="netlist" spec="VIO_INPUT_V2_RT">
      <probeOptions Id="DebugProbeParams">
        <Option Id="ACTIVITY_PERSISTENCE" value="SHORT"/>
        <Option Id="DISPLAY_HINT" value=""/>
        <Option Id="DISPLAY_VISIBILITY" value=""/>
        <Option Id="HW_VIO" value="hw_vio_1"/>
        <Option Id="INPUT_VALUE_RADIX" value="HEX"/>
        <Option Id="NAME.CUSTOM" value=""/>
        <Option Id="NAME.SELECT" value="Long"/>
        <Option Id="SOURCE" value="netlist"/>
      </probeOptions>
      <nets>
        <net name="uhdsdi_demo/rx_err_count[15]"/>
        <net name="uhdsdi_demo/rx_err_count[14]"/>
        <net name="uhdsdi_demo/rx_err_count[13]"/>
        <net name="uhdsdi_demo/rx_err_count[12]"/>
        <net name="uhdsdi_demo/rx_err_count[11]"/>
        <net name="uhdsdi_demo/rx_err_count[10]"/>
        <net name="uhdsdi_demo/rx_err_count[9]"/>
        <net name="uhdsdi_demo/rx_err_count[8]"/>
        <net name="uhdsdi_demo/rx_err_count[7]"/>
        <net name="uhdsdi_demo/rx_err_count[6]"/>
        <net name="uhdsdi_demo/rx_err_count[5]"/>
        <net name="uhdsdi_demo/rx_err_count[4]"/>
        <net name="uhdsdi_demo/rx_err_count[3]"/>
        <net name="uhdsdi_demo/rx_err_count[2]"/>
        <net name="uhdsdi_demo/rx_err_count[1]"/>
        <net name="uhdsdi_demo/rx_err_count[0]"/>
      </nets>
    </probe>
    <probe type="vio_input" busType="net" source="netlist" spec="VIO_INPUT_V2_RT">
      <probeOptions Id="DebugProbeParams">
        <Option Id="ACTIVITY_PERSISTENCE" value="SHORT"/>
        <Option Id="DISPLAY_HINT" value=""/>
        <Option Id="DISPLAY_VISIBILITY" value=""/>
        <Option Id="HW_VIO" value="hw_vio_1"/>
        <Option Id="INPUT_VALUE_RADIX" value="BINARY"/>
        <Option Id="NAME.CUSTOM" value=""/>
        <Option Id="NAME.SELECT" value="Long"/>
        <Option Id="SOURCE" value="netlist"/>
      </probeOptions>
      <nets>
        <net name="uhdsdi_demo/rx_level_b"/>
      </nets>
    </probe>
    <probe type="vio_input" busType="net" source="netlist" spec="VIO_INPUT_V2_RT">
      <probeOptions Id="DebugProbeParams">
        <Option Id="ACTIVITY_PERSISTENCE" value="SHORT"/>
        <Option Id="DISPLAY_HINT" value=""/>
        <Option Id="DISPLAY_VISIBILITY" value=""/>
        <Option Id="HW_VIO" value="hw_vio_1"/>
        <Option Id="INPUT_VALUE_RADIX" value="BINARY"/>
        <Option Id="NAME.CUSTOM" value=""/>
        <Option Id="NAME.SELECT" value="Long"/>
        <Option Id="SOURCE" value="netlist"/>
      </probeOptions>
      <nets>
        <net name="uhdsdi_demo/rx_mode_12g"/>
      </nets>
    </probe>
    <probe type="vio_input" busType="net" source="netlist" spec="VIO_INPUT_V2_RT">
      <probeOptions Id="DebugProbeParams">
        <Option Id="ACTIVITY_PERSISTENCE" value="SHORT"/>
        <Option Id="DISPLAY_HINT" value=""/>
        <Option Id="DISPLAY_VISIBILITY" value=""/>
        <Option Id="HW_VIO" value="hw_vio_1"/>
        <Option Id="INPUT_VALUE_RADIX" value="BINARY"/>
        <Option Id="NAME.CUSTOM" value=""/>
        <Option Id="NAME.SELECT" value="Long"/>
        <Option Id="SOURCE" value="netlist"/>
      </probeOptions>
      <nets>
        <net name="uhdsdi_demo/rx_mode_3g"/>
      </nets>
    </probe>
    <probe type="vio_input" busType="net" source="netlist" spec="VIO_INPUT_V2_RT">
      <probeOptions Id="DebugProbeParams">
        <Option Id="ACTIVITY_PERSISTENCE" value="SHORT"/>
        <Option Id="DISPLAY_HINT" value=""/>
        <Option Id="DISPLAY_VISIBILITY" value=""/>
        <Option Id="HW_VIO" value="hw_vio_1"/>
        <Option Id="INPUT_VALUE_RADIX" value="BINARY"/>
        <Option Id="NAME.CUSTOM" value=""/>
        <Option Id="NAME.SELECT" value="Long"/>
        <Option Id="SOURCE" value="netlist"/>
      </probeOptions>
      <nets>
        <net name="uhdsdi_demo/rx_mode_6g"/>
      </nets>
    </probe>
    <probe type="vio_input" busType="net" source="netlist" spec="VIO_INPUT_V2_RT">
      <probeOptions Id="DebugProbeParams">
        <Option Id="ACTIVITY_PERSISTENCE" value="SHORT"/>
        <Option Id="DISPLAY_HINT" value=""/>
        <Option Id="DISPLAY_VISIBILITY" value=""/>
        <Option Id="HW_VIO" value="hw_vio_1"/>
        <Option Id="INPUT_VALUE_RADIX" value="BINARY"/>
        <Option Id="NAME.CUSTOM" value=""/>
        <Option Id="NAME.SELECT" value="Long"/>
        <Option Id="SOURCE" value="netlist"/>
      </probeOptions>
      <nets>
        <net name="uhdsdi_demo/rx_mode_hd"/>
      </nets>
    </probe>
    <probe type="vio_input" busType="net" source="netlist" spec="VIO_INPUT_V2_RT">
      <probeOptions Id="DebugProbeParams">
        <Option Id="ACTIVITY_PERSISTENCE" value="SHORT"/>
        <Option Id="DISPLAY_HINT" value=""/>
        <Option Id="DISPLAY_VISIBILITY" value=""/>
        <Option Id="HW_VIO" value="hw_vio_1"/>
        <Option Id="INPUT_VALUE_RADIX" value="BINARY"/>
        <Option Id="NAME.CUSTOM" value=""/>
        <Option Id="NAME.SELECT" value="Long"/>
        <Option Id="SOURCE" value="netlist"/>
      </probeOptions>
      <nets>
        <net name="uhdsdi_demo/rx_mode_locked"/>
      </nets>
    </probe>
    <probe type="vio_input" busType="net" source="netlist" spec="VIO_INPUT_V2_RT">
      <probeOptions Id="DebugProbeParams">
        <Option Id="ACTIVITY_PERSISTENCE" value="SHORT"/>
        <Option Id="DISPLAY_HINT" value=""/>
        <Option Id="DISPLAY_VISIBILITY" value=""/>
        <Option Id="HW_VIO" value="hw_vio_1"/>
        <Option Id="INPUT_VALUE_RADIX" value="BINARY"/>
        <Option Id="NAME.CUSTOM" value=""/>
        <Option Id="NAME.SELECT" value="Long"/>
        <Option Id="SOURCE" value="netlist"/>
      </probeOptions>
      <nets>
        <net name="uhdsdi_demo/rx_mode_sd"/>
      </nets>
    </probe>
    <probe type="vio_input" busType="net" source="netlist" spec="VIO_INPUT_V2_RT">
      <probeOptions Id="DebugProbeParams">
        <Option Id="ACTIVITY_PERSISTENCE" value="SHORT"/>
        <Option Id="DISPLAY_HINT" value=""/>
        <Option Id="DISPLAY_VISIBILITY" value=""/>
        <Option Id="HW_VIO" value="hw_vio_1"/>
        <Option Id="INPUT_VALUE_RADIX" value="BINARY"/>
        <Option Id="NAME.CUSTOM" value=""/>
        <Option Id="NAME.SELECT" value="Long"/>
        <Option Id="SOURCE" value="netlist"/>
      </probeOptions>
      <nets>
        <net name="uhdsdi_demo/rx_resetdone"/>
      </nets>
    </probe>
    <probe type="vio_input" busType="bus" source="netlist" spec="VIO_INPUT_V2_RT">
      <probeOptions Id="DebugProbeParams">
        <Option Id="ACTIVITY_PERSISTENCE" value="SHORT"/>
        <Option Id="DISPLAY_HINT" value=""/>
        <Option Id="DISPLAY_VISIBILITY" value=""/>
        <Option Id="HW_VIO" value="hw_vio_1"/>
        <Option Id="INPUT_VALUE_RADIX" value="HEX"/>
        <Option Id="NAME.CUSTOM" value=""/>
        <Option Id="NAME.SELECT" value="Long"/>
        <Option Id="SOURCE" value="netlist"/>
      </probeOptions>
      <nets>
        <net name="uhdsdi_demo/rx_st352_0[31]"/>
        <net name="uhdsdi_demo/rx_st352_0[30]"/>
        <net name="uhdsdi_demo/rx_st352_0[29]"/>
        <net name="uhdsdi_demo/rx_st352_0[28]"/>
        <net name="uhdsdi_demo/rx_st352_0[27]"/>
        <net name="uhdsdi_demo/rx_st352_0[26]"/>
        <net name="uhdsdi_demo/rx_st352_0[25]"/>
        <net name="uhdsdi_demo/rx_st352_0[24]"/>
        <net name="uhdsdi_demo/rx_st352_0[23]"/>
        <net name="uhdsdi_demo/rx_st352_0[22]"/>
        <net name="uhdsdi_demo/rx_st352_0[21]"/>
        <net name="uhdsdi_demo/rx_st352_0[20]"/>
        <net name="uhdsdi_demo/rx_st352_0[19]"/>
        <net name="uhdsdi_demo/rx_st352_0[18]"/>
        <net name="uhdsdi_demo/rx_st352_0[17]"/>
        <net name="uhdsdi_demo/rx_st352_0[16]"/>
        <net name="uhdsdi_demo/rx_st352_0[15]"/>
        <net name="uhdsdi_demo/rx_st352_0[14]"/>
        <net name="uhdsdi_demo/rx_st352_0[13]"/>
        <net name="uhdsdi_demo/rx_st352_0[12]"/>
        <net name="uhdsdi_demo/rx_st352_0[11]"/>
        <net name="uhdsdi_demo/rx_st352_0[10]"/>
        <net name="uhdsdi_demo/rx_st352_0[9]"/>
        <net name="uhdsdi_demo/rx_st352_0[8]"/>
        <net name="uhdsdi_demo/rx_st352_0[7]"/>
        <net name="uhdsdi_demo/rx_st352_0[6]"/>
        <net name="uhdsdi_demo/rx_st352_0[5]"/>
        <net name="uhdsdi_demo/rx_st352_0[4]"/>
        <net name="uhdsdi_demo/rx_st352_0[3]"/>
        <net name="uhdsdi_demo/rx_st352_0[2]"/>
        <net name="uhdsdi_demo/rx_st352_0[1]"/>
        <net name="uhdsdi_demo/rx_st352_0[0]"/>
      </nets>
    </probe>
    <probe type="vio_input" busType="net" source="netlist" spec="VIO_INPUT_V2_RT">
      <probeOptions Id="DebugProbeParams">
        <Option Id="ACTIVITY_PERSISTENCE" value="SHORT"/>
        <Option Id="DISPLAY_HINT" value=""/>
        <Option Id="DISPLAY_VISIBILITY" value=""/>
        <Option Id="HW_VIO" value="hw_vio_1"/>
        <Option Id="INPUT_VALUE_RADIX" value="BINARY"/>
        <Option Id="NAME.CUSTOM" value=""/>
        <Option Id="NAME.SELECT" value="Long"/>
        <Option Id="SOURCE" value="netlist"/>
      </probeOptions>
      <nets>
        <net name="uhdsdi_demo/rx_st352_0_valid"/>
      </nets>
    </probe>
    <probe type="vio_input" busType="bus" source="netlist" spec="VIO_INPUT_V2_RT">
      <probeOptions Id="DebugProbeParams">
        <Option Id="ACTIVITY_PERSISTENCE" value="SHORT"/>
        <Option Id="DISPLAY_HINT" value=""/>
        <Option Id="DISPLAY_VISIBILITY" value=""/>
        <Option Id="HW_VIO" value="hw_vio_1"/>
        <Option Id="INPUT_VALUE_RADIX" value="HEX"/>
        <Option Id="NAME.CUSTOM" value=""/>
        <Option Id="NAME.SELECT" value="Long"/>
        <Option Id="SOURCE" value="netlist"/>
      </probeOptions>
      <nets>
        <net name="uhdsdi_demo/rx_st352_1[31]"/>
        <net name="uhdsdi_demo/rx_st352_1[30]"/>
        <net name="uhdsdi_demo/rx_st352_1[29]"/>
        <net name="uhdsdi_demo/rx_st352_1[28]"/>
        <net name="uhdsdi_demo/rx_st352_1[27]"/>
        <net name="uhdsdi_demo/rx_st352_1[26]"/>
        <net name="uhdsdi_demo/rx_st352_1[25]"/>
        <net name="uhdsdi_demo/rx_st352_1[24]"/>
        <net name="uhdsdi_demo/rx_st352_1[23]"/>
        <net name="uhdsdi_demo/rx_st352_1[22]"/>
        <net name="uhdsdi_demo/rx_st352_1[21]"/>
        <net name="uhdsdi_demo/rx_st352_1[20]"/>
        <net name="uhdsdi_demo/rx_st352_1[19]"/>
        <net name="uhdsdi_demo/rx_st352_1[18]"/>
        <net name="uhdsdi_demo/rx_st352_1[17]"/>
        <net name="uhdsdi_demo/rx_st352_1[16]"/>
        <net name="uhdsdi_demo/rx_st352_1[15]"/>
        <net name="uhdsdi_demo/rx_st352_1[14]"/>
        <net name="uhdsdi_demo/rx_st352_1[13]"/>
        <net name="uhdsdi_demo/rx_st352_1[12]"/>
        <net name="uhdsdi_demo/rx_st352_1[11]"/>
        <net name="uhdsdi_demo/rx_st352_1[10]"/>
        <net name="uhdsdi_demo/rx_st352_1[9]"/>
        <net name="uhdsdi_demo/rx_st352_1[8]"/>
        <net name="uhdsdi_demo/rx_st352_1[7]"/>
        <net name="uhdsdi_demo/rx_st352_1[6]"/>
        <net name="uhdsdi_demo/rx_st352_1[5]"/>
        <net name="uhdsdi_demo/rx_st352_1[4]"/>
        <net name="uhdsdi_demo/rx_st352_1[3]"/>
        <net name="uhdsdi_demo/rx_st352_1[2]"/>
        <net name="uhdsdi_demo/rx_st352_1[1]"/>
        <net name="uhdsdi_demo/rx_st352_1[0]"/>
      </nets>
    </probe>
    <probe type="vio_input" busType="net" source="netlist" spec="VIO_INPUT_V2_RT">
      <probeOptions Id="DebugProbeParams">
        <Option Id="ACTIVITY_PERSISTENCE" value="SHORT"/>
        <Option Id="DISPLAY_HINT" value=""/>
        <Option Id="DISPLAY_VISIBILITY" value=""/>
        <Option Id="HW_VIO" value="hw_vio_1"/>
        <Option Id="INPUT_VALUE_RADIX" value="BINARY"/>
        <Option Id="NAME.CUSTOM" value=""/>
        <Option Id="NAME.SELECT" value="Long"/>
        <Option Id="SOURCE" value="netlist"/>
      </probeOptions>
      <nets>
        <net name="uhdsdi_demo/rx_st352_1_valid"/>
      </nets>
    </probe>
    <probe type="vio_input" busType="bus" source="netlist" spec="VIO_INPUT_V2_RT">
      <probeOptions Id="DebugProbeParams">
        <Option Id="ACTIVITY_PERSISTENCE" value="SHORT"/>
        <Option Id="DISPLAY_HINT" value=""/>
        <Option Id="DISPLAY_VISIBILITY" value=""/>
        <Option Id="HW_VIO" value="hw_vio_1"/>
        <Option Id="INPUT_VALUE_RADIX" value="HEX"/>
        <Option Id="NAME.CUSTOM" value=""/>
        <Option Id="NAME.SELECT" value="Long"/>
        <Option Id="SOURCE" value="netlist"/>
      </probeOptions>
      <nets>
        <net name="uhdsdi_demo/rx_st352_2[31]"/>
        <net name="uhdsdi_demo/rx_st352_2[30]"/>
        <net name="uhdsdi_demo/rx_st352_2[29]"/>
        <net name="uhdsdi_demo/rx_st352_2[28]"/>
        <net name="uhdsdi_demo/rx_st352_2[27]"/>
        <net name="uhdsdi_demo/rx_st352_2[26]"/>
        <net name="uhdsdi_demo/rx_st352_2[25]"/>
        <net name="uhdsdi_demo/rx_st352_2[24]"/>
        <net name="uhdsdi_demo/rx_st352_2[23]"/>
        <net name="uhdsdi_demo/rx_st352_2[22]"/>
        <net name="uhdsdi_demo/rx_st352_2[21]"/>
        <net name="uhdsdi_demo/rx_st352_2[20]"/>
        <net name="uhdsdi_demo/rx_st352_2[19]"/>
        <net name="uhdsdi_demo/rx_st352_2[18]"/>
        <net name="uhdsdi_demo/rx_st352_2[17]"/>
        <net name="uhdsdi_demo/rx_st352_2[16]"/>
        <net name="uhdsdi_demo/rx_st352_2[15]"/>
        <net name="uhdsdi_demo/rx_st352_2[14]"/>
        <net name="uhdsdi_demo/rx_st352_2[13]"/>
        <net name="uhdsdi_demo/rx_st352_2[12]"/>
        <net name="uhdsdi_demo/rx_st352_2[11]"/>
        <net name="uhdsdi_demo/rx_st352_2[10]"/>
        <net name="uhdsdi_demo/rx_st352_2[9]"/>
        <net name="uhdsdi_demo/rx_st352_2[8]"/>
        <net name="uhdsdi_demo/rx_st352_2[7]"/>
        <net name="uhdsdi_demo/rx_st352_2[6]"/>
        <net name="uhdsdi_demo/rx_st352_2[5]"/>
        <net name="uhdsdi_demo/rx_st352_2[4]"/>
        <net name="uhdsdi_demo/rx_st352_2[3]"/>
        <net name="uhdsdi_demo/rx_st352_2[2]"/>
        <net name="uhdsdi_demo/rx_st352_2[1]"/>
        <net name="uhdsdi_demo/rx_st352_2[0]"/>
      </nets>
    </probe>
    <probe type="vio_input" busType="net" source="netlist" spec="VIO_INPUT_V2_RT">
      <probeOptions Id="DebugProbeParams">
        <Option Id="ACTIVITY_PERSISTENCE" value="SHORT"/>
        <Option Id="DISPLAY_HINT" value=""/>
        <Option Id="DISPLAY_VISIBILITY" value=""/>
        <Option Id="HW_VIO" value="hw_vio_1"/>
        <Option Id="INPUT_VALUE_RADIX" value="BINARY"/>
        <Option Id="NAME.CUSTOM" value=""/>
        <Option Id="NAME.SELECT" value="Long"/>
        <Option Id="SOURCE" value="netlist"/>
      </probeOptions>
      <nets>
        <net name="uhdsdi_demo/rx_st352_2_valid"/>
      </nets>
    </probe>
    <probe type="vio_input" busType="bus" source="netlist" spec="VIO_INPUT_V2_RT">
      <probeOptions Id="DebugProbeParams">
        <Option Id="ACTIVITY_PERSISTENCE" value="SHORT"/>
        <Option Id="DISPLAY_HINT" value=""/>
        <Option Id="DISPLAY_VISIBILITY" value=""/>
        <Option Id="HW_VIO" value="hw_vio_1"/>
        <Option Id="INPUT_VALUE_RADIX" value="HEX"/>
        <Option Id="NAME.CUSTOM" value=""/>
        <Option Id="NAME.SELECT" value="Long"/>
        <Option Id="SOURCE" value="netlist"/>
      </probeOptions>
      <nets>
        <net name="uhdsdi_demo/rx_st352_3[31]"/>
        <net name="uhdsdi_demo/rx_st352_3[30]"/>
        <net name="uhdsdi_demo/rx_st352_3[29]"/>
        <net name="uhdsdi_demo/rx_st352_3[28]"/>
        <net name="uhdsdi_demo/rx_st352_3[27]"/>
        <net name="uhdsdi_demo/rx_st352_3[26]"/>
        <net name="uhdsdi_demo/rx_st352_3[25]"/>
        <net name="uhdsdi_demo/rx_st352_3[24]"/>
        <net name="uhdsdi_demo/rx_st352_3[23]"/>
        <net name="uhdsdi_demo/rx_st352_3[22]"/>
        <net name="uhdsdi_demo/rx_st352_3[21]"/>
        <net name="uhdsdi_demo/rx_st352_3[20]"/>
        <net name="uhdsdi_demo/rx_st352_3[19]"/>
        <net name="uhdsdi_demo/rx_st352_3[18]"/>
        <net name="uhdsdi_demo/rx_st352_3[17]"/>
        <net name="uhdsdi_demo/rx_st352_3[16]"/>
        <net name="uhdsdi_demo/rx_st352_3[15]"/>
        <net name="uhdsdi_demo/rx_st352_3[14]"/>
        <net name="uhdsdi_demo/rx_st352_3[13]"/>
        <net name="uhdsdi_demo/rx_st352_3[12]"/>
        <net name="uhdsdi_demo/rx_st352_3[11]"/>
        <net name="uhdsdi_demo/rx_st352_3[10]"/>
        <net name="uhdsdi_demo/rx_st352_3[9]"/>
        <net name="uhdsdi_demo/rx_st352_3[8]"/>
        <net name="uhdsdi_demo/rx_st352_3[7]"/>
        <net name="uhdsdi_demo/rx_st352_3[6]"/>
        <net name="uhdsdi_demo/rx_st352_3[5]"/>
        <net name="uhdsdi_demo/rx_st352_3[4]"/>
        <net name="uhdsdi_demo/rx_st352_3[3]"/>
        <net name="uhdsdi_demo/rx_st352_3[2]"/>
        <net name="uhdsdi_demo/rx_st352_3[1]"/>
        <net name="uhdsdi_demo/rx_st352_3[0]"/>
      </nets>
    </probe>
    <probe type="vio_input" busType="net" source="netlist" spec="VIO_INPUT_V2_RT">
      <probeOptions Id="DebugProbeParams">
        <Option Id="ACTIVITY_PERSISTENCE" value="SHORT"/>
        <Option Id="DISPLAY_HINT" value=""/>
        <Option Id="DISPLAY_VISIBILITY" value=""/>
        <Option Id="HW_VIO" value="hw_vio_1"/>
        <Option Id="INPUT_VALUE_RADIX" value="BINARY"/>
        <Option Id="NAME.CUSTOM" value=""/>
        <Option Id="NAME.SELECT" value="Long"/>
        <Option Id="SOURCE" value="netlist"/>
      </probeOptions>
      <nets>
        <net name="uhdsdi_demo/rx_st352_3_valid"/>
      </nets>
    </probe>
    <probe type="vio_input" busType="bus" source="netlist" spec="VIO_INPUT_V2_RT">
      <probeOptions Id="DebugProbeParams">
        <Option Id="ACTIVITY_PERSISTENCE" value="SHORT"/>
        <Option Id="DISPLAY_HINT" value=""/>
        <Option Id="DISPLAY_VISIBILITY" value=""/>
        <Option Id="HW_VIO" value="hw_vio_1"/>
        <Option Id="INPUT_VALUE_RADIX" value="HEX"/>
        <Option Id="NAME.CUSTOM" value=""/>
        <Option Id="NAME.SELECT" value="Long"/>
        <Option Id="SOURCE" value="netlist"/>
      </probeOptions>
      <nets>
        <net name="uhdsdi_demo/rx_t_family[3]"/>
        <net name="uhdsdi_demo/rx_t_family[2]"/>
        <net name="uhdsdi_demo/rx_t_family[1]"/>
        <net name="uhdsdi_demo/rx_t_family[0]"/>
      </nets>
    </probe>
    <probe type="vio_input" busType="net" source="netlist" spec="VIO_INPUT_V2_RT">
      <probeOptions Id="DebugProbeParams">
        <Option Id="ACTIVITY_PERSISTENCE" value="SHORT"/>
        <Option Id="DISPLAY_HINT" value=""/>
        <Option Id="DISPLAY_VISIBILITY" value=""/>
        <Option Id="HW_VIO" value="hw_vio_1"/>
        <Option Id="INPUT_VALUE_RADIX" value="BINARY"/>
        <Option Id="NAME.CUSTOM" value=""/>
        <Option Id="NAME.SELECT" value="Long"/>
        <Option Id="SOURCE" value="netlist"/>
      </probeOptions>
      <nets>
        <net name="uhdsdi_demo/rx_t_locked"/>
      </nets>
    </probe>
    <probe type="vio_input" busType="bus" source="netlist" spec="VIO_INPUT_V2_RT">
      <probeOptions Id="DebugProbeParams">
        <Option Id="ACTIVITY_PERSISTENCE" value="SHORT"/>
        <Option Id="DISPLAY_HINT" value=""/>
        <Option Id="DISPLAY_VISIBILITY" value=""/>
        <Option Id="HW_VIO" value="hw_vio_1"/>
        <Option Id="INPUT_VALUE_RADIX" value="HEX"/>
        <Option Id="NAME.CUSTOM" value=""/>
        <Option Id="NAME.SELECT" value="Long"/>
        <Option Id="SOURCE" value="netlist"/>
      </probeOptions>
      <nets>
        <net name="uhdsdi_demo/rx_t_rate[3]"/>
        <net name="uhdsdi_demo/rx_t_rate[2]"/>
        <net name="uhdsdi_demo/rx_t_rate[1]"/>
        <net name="uhdsdi_demo/rx_t_rate[0]"/>
      </nets>
    </probe>
    <probe type="vio_input" busType="net" source="netlist" spec="VIO_INPUT_V2_RT">
      <probeOptions Id="DebugProbeParams">
        <Option Id="ACTIVITY_PERSISTENCE" value="SHORT"/>
        <Option Id="DISPLAY_HINT" value=""/>
        <Option Id="DISPLAY_VISIBILITY" value=""/>
        <Option Id="HW_VIO" value="hw_vio_1"/>
        <Option Id="INPUT_VALUE_RADIX" value="BINARY"/>
        <Option Id="NAME.CUSTOM" value=""/>
        <Option Id="NAME.SELECT" value="Long"/>
        <Option Id="SOURCE" value="netlist"/>
      </probeOptions>
      <nets>
        <net name="uhdsdi_demo/rx_t_scan"/>
      </nets>
    </probe>
    <probe type="vio_output" busType="bus" source="netlist" spec="VIO_OUTPUT_V2_RT">
      <probeOptions Id="DebugProbeParams">
        <Option Id="DISPLAY_HINT" value=""/>
        <Option Id="DISPLAY_VISIBILITY" value=""/>
        <Option Id="HW_VIO" value="hw_vio_2"/>
        <Option Id="NAME.CUSTOM" value=""/>
        <Option Id="NAME.SELECT" value="Long"/>
        <Option Id="OUTPUT_VALUE" value="4"/>
        <Option Id="OUTPUT_VALUE_RADIX" value="HEX"/>
        <Option Id="SOURCE" value="netlist"/>
      </probeOptions>
      <nets>
        <net name="uhdsdi_demo/genblk1[0].uhdsdi_vidgen_i/tx_fmt_sel_async[2]"/>
        <net name="uhdsdi_demo/genblk1[0].uhdsdi_vidgen_i/tx_fmt_sel_async[1]"/>
        <net name="uhdsdi_demo/genblk1[0].uhdsdi_vidgen_i/tx_fmt_sel_async[0]"/>
      </nets>
    </probe>
    <probe type="vio_output" busType="net" source="netlist" spec="VIO_OUTPUT_V2_RT">
      <probeOptions Id="DebugProbeParams">
        <Option Id="DISPLAY_HINT" value=""/>
        <Option Id="DISPLAY_VISIBILITY" value=""/>
        <Option Id="HW_VIO" value="hw_vio_2"/>
        <Option Id="NAME.CUSTOM" value=""/>
        <Option Id="NAME.SELECT" value="Long"/>
        <Option Id="OUTPUT_VALUE" value="0"/>
        <Option Id="OUTPUT_VALUE_RADIX" value="BINARY"/>
        <Option Id="SOURCE" value="netlist"/>
      </probeOptions>
      <nets>
        <net name="uhdsdi_demo/genblk1[0].uhdsdi_vidgen_i/tx_full_reset"/>
      </nets>
    </probe>
    <probe type="vio_output" busType="net" source="netlist" spec="VIO_OUTPUT_V2_RT">
      <probeOptions Id="DebugProbeParams">
        <Option Id="DISPLAY_HINT" value=""/>
        <Option Id="DISPLAY_VISIBILITY" value=""/>
        <Option Id="HW_VIO" value="hw_vio_2"/>
        <Option Id="NAME.CUSTOM" value=""/>
        <Option Id="NAME.SELECT" value="Long"/>
        <Option Id="OUTPUT_VALUE" value="1"/>
        <Option Id="OUTPUT_VALUE_RADIX" value="BINARY"/>
        <Option Id="SOURCE" value="netlist"/>
      </probeOptions>
      <nets>
        <net name="uhdsdi_demo/genblk1[0].uhdsdi_vidgen_i/tx_insert_sync_bit_async"/>
      </nets>
    </probe>
    <probe type="vio_output" busType="net" source="netlist" spec="VIO_OUTPUT_V2_RT">
      <probeOptions Id="DebugProbeParams">
        <Option Id="DISPLAY_HINT" value=""/>
        <Option Id="DISPLAY_VISIBILITY" value=""/>
        <Option Id="HW_VIO" value="hw_vio_2"/>
        <Option Id="NAME.CUSTOM" value=""/>
        <Option Id="NAME.SELECT" value="Long"/>
        <Option Id="OUTPUT_VALUE" value="0"/>
        <Option Id="OUTPUT_VALUE_RADIX" value="BINARY"/>
        <Option Id="SOURCE" value="netlist"/>
      </probeOptions>
      <nets>
        <net name="uhdsdi_demo/genblk1[0].uhdsdi_vidgen_i/tx_m"/>
      </nets>
    </probe>
    <probe type="vio_output" busType="bus" source="netlist" spec="VIO_OUTPUT_V2_RT">
      <probeOptions Id="DebugProbeParams">
        <Option Id="DISPLAY_HINT" value=""/>
        <Option Id="DISPLAY_VISIBILITY" value=""/>
        <Option Id="HW_VIO" value="hw_vio_2"/>
        <Option Id="NAME.CUSTOM" value=""/>
        <Option Id="NAME.SELECT" value="Long"/>
        <Option Id="OUTPUT_VALUE" value="3"/>
        <Option Id="OUTPUT_VALUE_RADIX" value="HEX"/>
        <Option Id="SOURCE" value="netlist"/>
      </probeOptions>
      <nets>
        <net name="uhdsdi_demo/genblk1[0].uhdsdi_vidgen_i/tx_mode_async[2]"/>
        <net name="uhdsdi_demo/genblk1[0].uhdsdi_vidgen_i/tx_mode_async[1]"/>
        <net name="uhdsdi_demo/genblk1[0].uhdsdi_vidgen_i/tx_mode_async[0]"/>
      </nets>
    </probe>
    <probe type="vio_output" busType="bus" source="netlist" spec="VIO_OUTPUT_V2_RT">
      <probeOptions Id="DebugProbeParams">
        <Option Id="DISPLAY_HINT" value=""/>
        <Option Id="DISPLAY_VISIBILITY" value=""/>
        <Option Id="HW_VIO" value="hw_vio_2"/>
        <Option Id="NAME.CUSTOM" value=""/>
        <Option Id="NAME.SELECT" value="Long"/>
        <Option Id="OUTPUT_VALUE" value="0"/>
        <Option Id="OUTPUT_VALUE_RADIX" value="HEX"/>
        <Option Id="SOURCE" value="netlist"/>
      </probeOptions>
      <nets>
        <net name="uhdsdi_demo/genblk1[0].uhdsdi_vidgen_i/tx_pat_sel_async[1]"/>
        <net name="uhdsdi_demo/genblk1[0].uhdsdi_vidgen_i/tx_pat_sel_async[0]"/>
      </nets>
    </probe>
    <probe type="vio_output" busType="net" source="netlist" spec="VIO_OUTPUT_V2_RT">
      <probeOptions Id="DebugProbeParams">
        <Option Id="DISPLAY_HINT" value=""/>
        <Option Id="DISPLAY_VISIBILITY" value=""/>
        <Option Id="HW_VIO" value="hw_vio_2"/>
        <Option Id="NAME.CUSTOM" value=""/>
        <Option Id="NAME.SELECT" value="Long"/>
        <Option Id="OUTPUT_VALUE" value="0"/>
        <Option Id="OUTPUT_VALUE_RADIX" value="BINARY"/>
        <Option Id="SOURCE" value="netlist"/>
      </probeOptions>
      <nets>
        <net name="uhdsdi_demo/genblk1[0].uhdsdi_vidgen_i/tx_reset"/>
      </nets>
    </probe>
    <probe type="vio_output" busType="net" source="netlist" spec="VIO_OUTPUT_V2_RT">
      <probeOptions Id="DebugProbeParams">
        <Option Id="DISPLAY_HINT" value=""/>
        <Option Id="DISPLAY_VISIBILITY" value=""/>
        <Option Id="HW_VIO" value="hw_vio_2"/>
        <Option Id="NAME.CUSTOM" value=""/>
        <Option Id="NAME.SELECT" value="Long"/>
        <Option Id="OUTPUT_VALUE" value="1"/>
        <Option Id="OUTPUT_VALUE_RADIX" value="BINARY"/>
        <Option Id="SOURCE" value="netlist"/>
      </probeOptions>
      <nets>
        <net name="uhdsdi_demo/genblk1[0].uhdsdi_vidgen_i/tx_txen"/>
      </nets>
    </probe>
    <probe type="vio_output" busType="bus" source="netlist" spec="VIO_OUTPUT_V2_RT">
      <probeOptions Id="DebugProbeParams">
        <Option Id="DISPLAY_HINT" value=""/>
        <Option Id="DISPLAY_VISIBILITY" value=""/>
        <Option Id="HW_VIO" value="hw_vio_3"/>
        <Option Id="NAME.CUSTOM" value=""/>
        <Option Id="NAME.SELECT" value="Long"/>
        <Option Id="OUTPUT_VALUE" value="0"/>
        <Option Id="OUTPUT_VALUE_RADIX" value="BINARY"/>
        <Option Id="SOURCE" value="netlist"/>
      </probeOptions>
      <nets>
        <net name="uhdsdi_demo/gth_wiz_reset_all_in_int[3]"/>
      </nets>
    </probe>
    <probe type="vio_output" busType="bus" source="netlist" spec="VIO_OUTPUT_V2_RT">
      <probeOptions Id="DebugProbeParams">
        <Option Id="DISPLAY_HINT" value=""/>
        <Option Id="DISPLAY_VISIBILITY" value=""/>
        <Option Id="HW_VIO" value="hw_vio_3"/>
        <Option Id="NAME.CUSTOM" value=""/>
        <Option Id="NAME.SELECT" value="Long"/>
        <Option Id="OUTPUT_VALUE" value="0"/>
        <Option Id="OUTPUT_VALUE_RADIX" value="BINARY"/>
        <Option Id="SOURCE" value="netlist"/>
      </probeOptions>
      <nets>
        <net name="uhdsdi_demo/gth_wiz_reset_all_in_int_1[0]"/>
      </nets>
    </probe>
    <probe type="vio_output" busType="bus" source="netlist" spec="VIO_OUTPUT_V2_RT">
      <probeOptions Id="DebugProbeParams">
        <Option Id="DISPLAY_HINT" value=""/>
        <Option Id="DISPLAY_VISIBILITY" value=""/>
        <Option Id="HW_VIO" value="hw_vio_3"/>
        <Option Id="NAME.CUSTOM" value=""/>
        <Option Id="NAME.SELECT" value="Long"/>
        <Option Id="OUTPUT_VALUE" value="0"/>
        <Option Id="OUTPUT_VALUE_RADIX" value="BINARY"/>
        <Option Id="SOURCE" value="netlist"/>
      </probeOptions>
      <nets>
        <net name="uhdsdi_demo/gth_wiz_reset_all_in_int_2[1]"/>
      </nets>
    </probe>
    <probe type="vio_output" busType="bus" source="netlist" spec="VIO_OUTPUT_V2_RT">
      <probeOptions Id="DebugProbeParams">
        <Option Id="DISPLAY_HINT" value=""/>
        <Option Id="DISPLAY_VISIBILITY" value=""/>
        <Option Id="HW_VIO" value="hw_vio_3"/>
        <Option Id="NAME.CUSTOM" value=""/>
        <Option Id="NAME.SELECT" value="Long"/>
        <Option Id="OUTPUT_VALUE" value="0"/>
        <Option Id="OUTPUT_VALUE_RADIX" value="BINARY"/>
        <Option Id="SOURCE" value="netlist"/>
      </probeOptions>
      <nets>
        <net name="uhdsdi_demo/gth_wiz_reset_all_in_int_3[2]"/>
      </nets>
    </probe>
    <probe type="vio_output" busType="net" source="netlist" spec="VIO_OUTPUT_V2_RT">
      <probeOptions Id="DebugProbeParams">
        <Option Id="DISPLAY_HINT" value=""/>
        <Option Id="DISPLAY_VISIBILITY" value=""/>
        <Option Id="HW_VIO" value="hw_vio_1"/>
        <Option Id="NAME.CUSTOM" value=""/>
        <Option Id="NAME.SELECT" value="Long"/>
        <Option Id="OUTPUT_VALUE" value="0"/>
        <Option Id="OUTPUT_VALUE_RADIX" value="BINARY"/>
        <Option Id="SOURCE" value="netlist"/>
      </probeOptions>
      <nets>
        <net name="uhdsdi_demo/rx_clr_errs"/>
      </nets>
    </probe>
    <probe type="vio_output" busType="net" source="netlist" spec="VIO_OUTPUT_V2_RT">
      <probeOptions Id="DebugProbeParams">
        <Option Id="DISPLAY_HINT" value=""/>
        <Option Id="DISPLAY_VISIBILITY" value=""/>
        <Option Id="HW_VIO" value="hw_vio_1"/>
        <Option Id="NAME.CUSTOM" value=""/>
        <Option Id="NAME.SELECT" value="Long"/>
        <Option Id="OUTPUT_VALUE" value="0"/>
        <Option Id="OUTPUT_VALUE_RADIX" value="BINARY"/>
        <Option Id="SOURCE" value="netlist"/>
      </probeOptions>
      <nets>
        <net name="uhdsdi_demo/rx_reset"/>
      </nets>
    </probe>
  </probeset>
</hwsession>
